Keyword,Avg Monthly Searches,Competition,Competition Index,Low Top of Page Bid ($),High Top of Page Bid ($),In Account
power bi,368000,LOW,12,172.13,859.76,No
powerbi,368000,LOW,12,172.13,859.76,No
power business intelligence,368000,LOW,12,172.13,859.76,No
and power bi,368000,LOW,12,172.13,859.76,No
powerbilogin,27100,LOW,0,211.60,1363.60,No
power bi what is,18100,LOW,25,45.72,428.53,No
microsoft power bi,14800,LOW,20,214.43,1684.55,No
microsoft powerbi,14800,LOW,20,214.43,1684.55,No
microsoft power business intelligence,14800,LOW,20,214.43,1684.55,No
power bi training,9900,HIGH,71,206.07,729.36,Yes
power bi certification,9900,HIGH,71,184.04,701.97,Yes
power bi dashboard,9900,LOW,23,195.44,740.52,No
power bi classes,9900,HIGH,71,206.07,729.36,No
bi it,9900,LOW,17,247.95,1035.47,No
pl 300,4400,MEDIUM,34,211.58,580.04,No
power bi service,4400,LOW,22,527.15,5951.95,No
powerbiservice,4400,LOW,22,527.15,5951.95,No
power bi course,3600,HIGH,67,208.77,717.21,Yes
course on power bi,3600,HIGH,67,208.77,717.21,Yes
power bi for macbook,3600,LOW,20,443.77,1784.06,No
power bi professional,3600,LOW,6,248.33,1204.91,No
courses for power bi,3600,HIGH,67,208.77,717.21,No
microsoft bi,2900,MEDIUM,39,273.66,1843.77,No
microsoft business intelligence,2900,MEDIUM,39,273.66,1843.77,No
power bi application,2900,LOW,6,223.23,1018.85,No
powerbiapp,2900,LOW,6,223.23,1018.85,No
microsoft power bi certification,2400,MEDIUM,53,212.67,736.66,Yes
bi dashboard,2400,LOW,32,410.60,1213.47,No
learn power bi,1900,HIGH,74,190.36,623.08,No
bi reporting,1900,LOW,28,722.09,1722.20,No
power bi pricing,1900,LOW,12,298.54,964.65,No
power bi reporting,1900,LOW,19,220.91,739.62,No
power bi consulting,1600,MEDIUM,48,1522.47,10542.99,No
microsoft power bi training,1600,MEDIUM,36,232.20,695.69,Yes
microsoft certified power bi data analyst associate,1600,LOW,31,212.73,761.14,No
microsoft power bi course,1600,MEDIUM,36,232.20,695.69,Yes
power bi com,1600,LOW,8,229.51,756.74,No
pl 300 certification,1600,MEDIUM,57,174.82,598.77,No
pl300 certification,1600,MEDIUM,57,174.82,598.77,No
microsoft power bi classes,1600,MEDIUM,36,232.20,695.69,No
power bi cost,1300,LOW,14,297.64,1040.85,No
bi tableau,1300,LOW,6,137.88,1013.96,No
bi services,1300,LOW,12,985.27,2319.28,No
microsoft power,1000,LOW,10,180.20,715.42,Yes
bi consulting,1000,LOW,19,887.55,2056.60,No
pl 300 exam,1000,MEDIUM,47,197.23,541.61,No
powerbi microsoft,1000,LOW,20,216.96,813.14,No
pl300 exam,1000,MEDIUM,47,197.23,541.61,No
microsoft data analyst certification,880,MEDIUM,65,221.44,843.26,No
ms power bi,880,LOW,24,218.75,999.61,No
power bi training courses,880,MEDIUM,37,276.13,986.45,Yes
power bi web,880,LOW,22,251.02,953.60,No
excel power bi,880,LOW,22,180.20,578.60,No
power bi training classes,880,MEDIUM,37,276.13,986.45,No
microsoft learn power bi,880,LOW,27,250.13,645.72,No
best bi tool,880,MEDIUM,53,539.70,2007.29,No
microsoft bi tool,880,LOW,18,330.81,1488.23,No
power bi website,880,LOW,22,251.02,953.60,No
bi cloud,880,LOW,7,468.88,1552.76,No
power bi and excel,880,LOW,22,180.20,578.60,No
power bi consulting services,720,LOW,10,3600.54,10199.62,No
power bi course online,720,MEDIUM,34,250.74,836.45,Yes
microsoft certified data analyst associate,720,MEDIUM,47,219.92,779.97,No
power bi online training,720,MEDIUM,34,250.74,836.45,Yes
power bi tool,720,LOW,31,199.09,952.99,No
bi course,720,MEDIUM,61,397.16,1275.37,Yes
power bi classes online,720,MEDIUM,34,250.74,836.45,No
microsoft pl 300,720,MEDIUM,45,225.09,600.69,No
power bi and tableau,720,LOW,27,145.24,1138.57,No
bi data,720,LOW,12,336.19,1141.26,No
coursera power bi course,720,LOW,3,201.72,726.05,No
powerbi tool,720,LOW,31,199.09,952.99,No
udemy power bi,590,MEDIUM,44,48.41,384.12,No
power bi udemy,590,MEDIUM,44,48.41,384.12,No
power bi for beginners,590,MEDIUM,51,155.52,458.12,Yes
free power bi training,590,HIGH,73,115.32,428.53,No
power bi business intelligence,590,LOW,11,163.82,707.35,No
power bi beginner,590,MEDIUM,51,155.52,458.12,No
power bi visualizations,590,LOW,14,246.54,722.59,No
power bi certifications microsoft,590,MEDIUM,62,235.09,777.28,No
power bi certification course,480,MEDIUM,51,252.82,838.24,Yes
power bi certification free,480,HIGH,71,128.20,485.23,No
coursera power bi,480,MEDIUM,56,184.68,826.58,No
microsoft power bi training course,480,LOW,25,430.33,1296.36,Yes
power bi data analyst certification,390,MEDIUM,59,216.96,753.97,No
power bi cloud,390,LOW,21,319.16,1394.97,No
using power bi,390,MEDIUM,36,103.10,552.25,No
microsoft power bi certificate,390,MEDIUM,47,226.82,733.51,No
power bi what is it,390,LOW,16,41.42,359.50,No
power bi project,390,LOW,31,164.96,596.48,No
enterprisedna,390,LOW,28,34.86,674.18,No
bi finance,390,LOW,11,748.59,1829.78,No
best power bi course,320,HIGH,81,193.65,742.31,No
power bi certification cost,320,MEDIUM,54,121.03,368.47,No
tableau power bi,320,LOW,32,171.23,1085.68,No
data analyst certification microsoft,320,MEDIUM,67,253.71,819.41,No
datacamp power bi,320,MEDIUM,35,164.06,664.87,No
excel bi,320,LOW,22,288.68,986.16,No
microsoft power bi cost,320,LOW,10,324.90,1042.20,No
power bi online classes,320,LOW,33,277.02,836.45,No
power bi sql,320,LOW,32,140.75,574.66,No
microsoft power bi pricing,320,LOW,10,324.90,1042.20,Yes
power bi data,320,LOW,24,224.13,1005.89,No
excel business intelligence,320,LOW,22,288.68,986.16,No
online course for power bi,320,LOW,33,277.02,836.45,Yes
microsoft power bi dashboard,320,LOW,10,293.16,1499.87,No
data camp power bi,320,MEDIUM,35,164.06,664.87,No
power bi and sql,320,LOW,32,140.75,574.66,No
microsoft power bi data analyst associate certification,320,LOW,7,203.51,614.87,Yes
power bi and sharepoint,320,LOW,7,248.70,679.36,No
power bi bootcamp,260,HIGH,72,341.57,1664.82,No
udemy power bi course,260,MEDIUM,35,56.48,500.25,No
power bi course free with certificate,260,HIGH,71,129.10,486.81,No
jira power bi,260,LOW,33,516.39,1995.64,No
azure power bi,260,LOW,19,272.54,926.10,No
microsoft power bi data analyst,260,MEDIUM,62,284.24,971.82,No
power bi pl 300,260,MEDIUM,53,200.37,569.29,No
power bi financial dashboard,260,MEDIUM,45,441.98,1351.94,No
power bi data analyst associate,260,MEDIUM,53,209.78,665.21,No
data analytics power bi,260,LOW,13,178.41,631.14,No
bi analyst certification,260,HIGH,82,417.53,1409.32,No
arcgis for power bi,260,LOW,3,214.27,3184.41,No
power bi data analysis,260,LOW,13,178.41,631.14,Yes
power bi pl300,260,MEDIUM,53,200.37,569.29,No
power bi microsoft com,260,MEDIUM,33,275.75,878.58,No
best power bi dashboard,260,MEDIUM,46,164.96,580.08,No
powerbi pl300,260,MEDIUM,53,200.37,569.29,No
powerbi pl 300,260,MEDIUM,53,200.37,569.29,No
deneb power bi,260,LOW,8,269.85,498.46,No
power bi coursera,210,MEDIUM,55,188.81,668.80,No
power bi analytics,210,LOW,30,249.23,889.34,No
linkedin learning power bi,210,LOW,22,213.37,576.23,No
microsoft bi certification,210,MEDIUM,62,248.79,785.34,No
microsoft power bi certification free,210,MEDIUM,49,137.17,519.08,No
google bi,210,LOW,9,235.78,1016.65,No
ms bi,210,LOW,30,355.92,1659.44,No
power bi training and certification,210,HIGH,81,304.81,912.65,Yes
power bi for project management,210,LOW,32,296.14,1775.09,No
power bi project management,210,LOW,32,296.14,1775.09,No
bi as a service,210,MEDIUM,46,557.63,2137.24,No
microsoft business intelligence certification,210,MEDIUM,62,248.79,785.34,No
microsoft pl 300 certification,210,MEDIUM,55,234.89,686.73,No
dax training courses,210,MEDIUM,55,253.38,882.17,No
power bi on premise,210,LOW,5,391.78,1374.35,No
microsoft pl 300 exam,210,MEDIUM,44,219.65,593.49,No
arcgis power bi,210,LOW,4,194.54,523.56,No
microsoft certified data analyst associate certification,210,LOW,2,,,No
power bi in powerpoint,210,LOW,1,,,No
power bi powerpoint,210,LOW,1,,,No
microsoft pl300 exam,210,MEDIUM,44,219.65,593.49,No
power bi expert,170,MEDIUM,42,1177.12,8237.16,No
power bi classes near me,170,HIGH,68,245.64,866.93,No
power bi course free,170,HIGH,72,117.44,432.66,No
power b1,170,MEDIUM,49,166.43,830.21,No
bi training,170,LOW,30,215.16,739.62,Yes
bi certification,170,HIGH,71,245.64,997.82,No
microsoft power bi data analyst certification,170,LOW,23,211.58,785.34,No
power query course,170,MEDIUM,64,129.99,499.36,No
power bi google analytics,170,LOW,9,316.47,775.14,No
microsoft 365 power bi,170,LOW,12,274.33,1213.93,No
learn microsoft power bi,170,MEDIUM,42,217.57,611.42,Yes
power query training,170,HIGH,75,141.65,594.39,No
aws power bi,170,LOW,5,236.68,1270.36,No
google bi tool,170,LOW,14,516.39,1622.69,No
salesforce bi,170,LOW,31,463.47,2479.75,No
microsoft power bi service,170,LOW,2,665.21,2189.60,Yes
power query classes,170,MEDIUM,64,129.99,499.36,No
power bi on aws,170,LOW,5,236.68,1270.36,No
snowflake power bi,170,LOW,17,211.58,571.67,No
bi course online,170,LOW,25,356.68,2074.53,No
machine learning with power bi,170,MEDIUM,36,213.09,638.32,No
bi online courses,170,LOW,25,356.68,2074.53,Yes
power bi view,170,LOW,9,330.81,991.54,No
free power bi certification,140,MEDIUM,65,141.65,552.25,No
best power bi certification,140,HIGH,78,236.68,785.34,No
snowflake bi,140,MEDIUM,53,259.09,809.80,No
pl 300 power bi,140,MEDIUM,54,221.44,560.32,No
power bi certification training,140,LOW,22,346.05,1136.82,Yes
bi bootcamp,140,LOW,11,422.26,1379.73,Yes
pl300 power bi,140,MEDIUM,54,221.44,560.32,No
power bi program,140,MEDIUM,36,176.26,812.24,No
power bi interactive dashboard,140,LOW,28,232.20,658.94,No
power bi data analyst associate certification,140,LOW,30,192.32,710.04,No
power bi solutions,140,LOW,7,166.75,643.70,No
power bi 101,140,MEDIUM,47,177.83,466.19,No
power bi snowflake,140,LOW,16,255.72,1004.82,No
dynamics 365 power bi,140,LOW,19,360.40,1527.66,No
microsoft power bi data analyst associate,140,MEDIUM,54,207.99,635.63,No
coursera power bi certification,140,MEDIUM,42,167.65,783.55,No
power bi macos,140,LOW,9,320.05,1391.75,No
microsoft learn power bi certification,140,LOW,15,190.06,777.28,No
best power bi certifications,140,HIGH,78,236.68,785.34,No
in power bi,140,LOW,2,,,No
best power bi training,110,HIGH,86,201.72,693.90,No
pl 300 microsoft power bi data analyst,110,HIGH,68,272.54,775.48,No
servicenow power bi,110,LOW,17,986.16,986.16,No
power bi linkedin learning,110,LOW,28,175.72,466.19,No
power bi predictive analytics,110,MEDIUM,37,288.93,1079.40,Yes
power bi platform,110,LOW,20,167.65,1037.26,No
power bi certification pl 300,110,MEDIUM,62,157.79,493.08,No
azure bi,110,LOW,16,186.11,706.67,No
microsoft certified data analyst,110,HIGH,69,245.46,773.69,No
power bi for students,110,LOW,19,242.06,521.65,Yes
google power bi,110,LOW,26,279.71,1256.91,No
sales dashboard power bi,110,MEDIUM,49,467.08,1207.18,No
power bi hr dashboard,110,MEDIUM,65,287.81,1498.07,No
power bi reporting tool,110,LOW,7,207.99,1006.78,No
power bi data warehouse,110,LOW,25,257.30,1191.47,No
power bi analyst certification,110,HIGH,68,217.85,785.34,No
pragmatic works power bi,110,MEDIUM,50,202.61,700.35,No
power bi microsoft learn,110,LOW,32,254.23,623.08,No
pl 300 microsoft,110,MEDIUM,35,250.13,541.83,No
power bi training cost,110,MEDIUM,64,106.68,432.12,No
microsoft certified power bi data analyst associate pl 300,110,MEDIUM,53,191.60,703.41,No
bi sql,110,LOW,11,238.61,873.20,No
pl300 microsoft,110,MEDIUM,35,250.13,541.83,No
beautiful power bi dashboard,110,LOW,16,254.30,497.27,No
databricks power bi,110,LOW,19,420.93,1214.77,No
power bi postgresql,110,LOW,14,252.75,1207.60,No
tableau to power bi migration,110,LOW,29,663.42,4140.09,No
pl 300 certification exam,110,MEDIUM,57,231.00,593.21,No
pl300 study guide,110,MEDIUM,63,177.51,441.08,No
power bi planner,110,LOW,12,300.33,639.21,No
power bi certification pl300,110,MEDIUM,62,157.79,493.08,No
pl300 microsoft power bi data analyst,110,HIGH,68,272.54,775.48,No
pl 300 certification cost,110,MEDIUM,50,148.82,515.49,No
power on power bi,110,LOW,12,297.89,2105.01,No
pl 300 course,90,HIGH,81,156.89,607.84,No
power bi office 365,90,LOW,3,,,No
ms power bi certification,90,MEDIUM,57,200.56,696.99,No
dax training,90,MEDIUM,64,207.99,750.38,No
microsoft power bi certification cost,90,MEDIUM,45,150.61,480.61,No
power bi course for beginners,90,LOW,30,148.57,631.14,Yes
microsoft power bi certification training,90,LOW,10,372.85,1013.06,Yes
power bi inventory dashboard,90,LOW,32,492.87,5090.40,No
exam pl 300,90,MEDIUM,56,188.27,493.08,No
salesforce power bi,90,LOW,24,424.05,1454.14,No
sql and power bi,90,MEDIUM,53,147.95,488.81,No
oracle power bi,90,LOW,21,565.33,1211.19,No
looker tableau,90,LOW,15,104.89,779.07,No
power bi enterprise,90,LOW,16,387.29,8785.82,No
sharepoint power bi,90,LOW,6,,,No
microsoft power bi data analyst course,90,LOW,10,166.75,651.36,Yes
power bi qualifications,90,LOW,8,,,No
power bi databricks,90,LOW,11,407.87,1214.77,No
pl300 course,90,HIGH,81,156.89,607.84,No
sql in power bi,90,LOW,12,121.93,391.30,No
power bi arcgis,90,LOW,2,,,No
microsoft learn pl 300,90,LOW,33,285.99,771.90,No
biapps,90,LOW,20,502.05,1428.14,No
pl 300 certificate,90,MEDIUM,43,180.15,641.90,No
power bi online course with certificate,70,HIGH,76,202.52,777.28,No
power bi training near me,70,HIGH,78,346.45,1749.99,Yes
power bi course near me,70,HIGH,85,330.81,961.06,No
microsoft bi training,70,HIGH,79,226.82,769.21,No
hr dashboard power bi,70,HIGH,95,364.88,987.22,No
jira to power bi,70,MEDIUM,40,774.59,2373.97,No
advanced power bi training,70,MEDIUM,67,196.34,829.27,No
hubspot power bi,70,LOW,28,749.48,2669.81,No
power bi advanced course,70,MEDIUM,67,196.34,829.27,No
power bi developer certification,70,MEDIUM,38,170.46,631.14,No
power bi desktop training,70,MEDIUM,49,192.75,723.30,No
power bi 365,70,LOW,13,231.97,867.20,No
microsoft data analysis,70,LOW,25,311.99,1851.30,No
w3schools power bi,70,LOW,15,161.37,461.70,No
advanced power bi,70,MEDIUM,50,154.21,608.73,No
microsoft power bi certification course,70,MEDIUM,35,222.63,836.45,Yes
microsoft certified power bi data analyst,70,HIGH,72,223.23,767.41,No
microsoft power bi for dummies,70,HIGH,68,122.82,972.07,No
power bi datacamp,70,LOW,33,131.79,607.84,No
power bi desktop course,70,MEDIUM,49,192.75,723.30,No
best power bi training courses,70,HIGH,85,280.61,994.23,No
power bi training youtube,70,LOW,15,98.62,720.16,No
power bi web service,70,LOW,30,449.15,1352.82,No
bi analyst training,70,HIGH,69,546.87,1251.53,No
power bi teams,70,LOW,7,330.06,658.80,No
edx power bi course,70,LOW,9,,,No
microsoft power bi online training,70,HIGH,86,124.62,733.35,Yes
microsoft certification power bi data analyst,70,HIGH,72,223.23,767.41,No
power pivot in power bi,70,LOW,8,,,No
microsoft business intelligence training,70,HIGH,79,226.82,769.21,Yes
edx courses power bi,70,LOW,9,,,No
powerbi experience,70,LOW,26,219.65,485.01,No
get data power bi,70,LOW,6,,,No
power bi get data,70,LOW,6,,,No
power bi course edx,70,LOW,9,,,No
power bi edx course,70,LOW,9,,,No
github power bi,70,LOW,1,,,No
power bi training for beginners,50,MEDIUM,65,182.89,705.57,Yes
power bi full course,50,HIGH,73,144.34,498.46,Yes
microsoft data analyst associate certification,50,MEDIUM,46,227.71,769.21,No
power bi and tableau courses,50,HIGH,77,465.20,1670.20,No
gartner power bi,50,LOW,10,339.78,1166.36,No
da 100 certification,50,MEDIUM,42,119.43,847.20,No
power bi course with certificate,50,HIGH,80,208.89,777.28,No
power bi financial reporting,50,MEDIUM,44,433.91,2050.32,No
power bi hubspot,50,LOW,25,623.08,3058.90,No
exam pl 300 microsoft power bi data analyst,50,MEDIUM,66,313.78,855.27,No
power bi lessons,50,HIGH,78,223.23,632.04,No
power bi dax training,50,MEDIUM,47,142.55,701.88,No
microsoft data analyst course,50,MEDIUM,65,267.16,1024.71,No
best power bi certification course,50,HIGH,77,206.75,661.63,No
power bi fundamentals,50,MEDIUM,53,164.06,453.64,No
power bi free certification,50,MEDIUM,57,110.06,395.36,No
azure power bi certification,50,LOW,26,126.79,409.08,No
power bi beginner course,50,HIGH,73,190.13,631.14,Yes
sap power bi,50,LOW,29,440.19,3402.26,No
best power bi course online,50,LOW,10,,,No
power bi mongodb,50,LOW,26,243.85,5729.61,No
microsoft bi stack,50,LOW,11,197.23,746.46,No
power query certification,50,MEDIUM,63,133.58,608.73,No
linkedin power bi course,50,MEDIUM,37,225.02,520.87,No
power bi certification online,50,HIGH,70,334.34,988.15,Yes
microsoft office power bi,50,MEDIUM,36,264.47,1072.82,No
bi analysis,50,MEDIUM,34,262.68,1235.39,No
power bi self service,50,LOW,7,,,No
power bi sentiment analysis,50,LOW,19,250.40,1252.22,No
azure devops power bi,50,LOW,8,,,No
microsoft power bi pl 300,50,LOW,30,197.23,649.69,No
microsoft power bi analyst certification,50,MEDIUM,60,355.92,1144.39,No
power bi w3schools,50,LOW,17,111.17,390.88,No
udemy power bi training,50,LOW,21,,,No
power bi certification course online,50,UNSPECIFIED,0,,,Yes
power bi training program,50,LOW,25,756.66,1593.10,No
power bi google sheets,50,LOW,4,,,No
power bi for data analytics,50,LOW,3,,,No
power bi pl 300 certification,50,MEDIUM,58,190.06,669.49,No
power bi training courses online,50,MEDIUM,40,344.52,1662.13,Yes
power bi appsource,50,LOW,8,631.14,8785.82,No
udemy pl 300,50,LOW,23,91.44,365.04,No
power bi reporting services,50,LOW,27,554.04,3013.64,No
power bi mysql,50,LOW,2,,,No
power bi publisher for excel,50,LOW,13,311.85,1070.44,No
learn power bi quickly,50,HIGH,80,178.41,588.60,No
power bi in teams,50,LOW,8,,,No
bi training courses,50,LOW,23,207.09,1200.43,Yes
advanced power bi dashboard,50,MEDIUM,37,304.81,698.38,No
inforiver power bi,50,LOW,31,381.91,8785.82,No
power bi associate certification,50,MEDIUM,61,181.10,777.28,No
free online power bi courses,50,MEDIUM,59,138.96,554.94,No
alteryx power bi,50,LOW,15,430.26,735.14,No
bi is,50,LOW,0,,,No
power bi bigquery,50,LOW,5,,,No
microsoft power bi pl300,50,LOW,30,197.23,649.69,No
power bi powershell,50,LOW,1,,,No
power bi course certification,40,HIGH,68,273.60,716.04,Yes
power bi course fees,40,MEDIUM,43,,,No
power bi course udemy,40,LOW,29,58.27,333.14,No
power bi training in person,40,HIGH,85,306.61,1736.54,No
dax course,40,HIGH,70,189.16,532.53,No
edx power bi,40,HIGH,69,80.69,537.91,No
business central power bi,40,MEDIUM,34,645.49,3480.34,No
power bi developer training,40,LOW,25,209.60,729.76,No
microsoft power bi bootcamp,40,LOW,26,360.67,1125.12,No
free power bi course with certificate,40,HIGH,81,158.11,569.46,No
www powerbi,40,LOW,7,161.37,383.47,No
bi developer courses,40,MEDIUM,64,255.51,1027.22,No
power bi azure devops,40,LOW,12,267.00,440.19,No
power bi project dashboard,40,LOW,27,88.15,529.84,No
microsoft power b,40,MEDIUM,40,181.10,797.00,No
power bi course and certification,40,HIGH,93,278.82,804.17,Yes
windows power bi,40,LOW,11,114.93,482.32,No
powerpoint bi,40,MEDIUM,36,184.68,1238.03,No
power bi administration training,40,HIGH,82,209.78,922.51,Yes
power bi course coursera,40,LOW,2,,,No
power bi analysis services,40,LOW,26,278.82,2476.17,No
microsoft power bi certification pl 300,40,MEDIUM,48,285.94,598.87,No
best power query course,40,HIGH,86,183.79,664.27,No
teams power bi,40,LOW,10,,,No
data analyst associate certification,40,MEDIUM,58,214.27,681.35,No
pl 300 power bi certification,40,HIGH,75,185.61,697.49,No
pl 300 exam prep,40,HIGH,74,226.82,697.02,No
learning dax for power bi,40,MEDIUM,65,117.44,585.35,No
analysis services power bi,40,LOW,26,278.82,2476.17,No
power bi data camp,40,LOW,30,160.01,381.91,No
pl 300 power bi data analyst,40,HIGH,78,246.85,803.12,No
use of power bi,40,LOW,29,114.84,453.64,No
microsoft business analyst course,40,MEDIUM,37,210.68,984.37,No
microsoft pl 300 course,40,MEDIUM,56,221.44,681.35,No
best microsoft power bi certification,40,LOW,0,,,No
bi tool training,40,MEDIUM,48,345.16,1494.11,No
best power bi training online,40,HIGH,100,,,No
microsoft power bi course online,40,LOW,0,,,Yes
pl300 power bi certification,40,HIGH,75,185.61,697.49,No
power bi docs,40,LOW,1,,,No
power bi ipad,40,LOW,2,,,No
dax language course,40,HIGH,70,189.16,532.53,No
supercharge power bi,40,MEDIUM,36,,,No
pl 300 training,30,HIGH,77,294.06,597.90,No
power bi developer course,30,HIGH,79,133.58,716.31,No
in person power bi training,30,HIGH,87,247.44,1111.68,No
simplilearn power bi,30,MEDIUM,65,201.06,469.77,No
power bi in person training,30,HIGH,86,279.73,1399.46,No
microsoft bi course,30,HIGH,73,349.64,909.06,No
sql and power bi certification,30,MEDIUM,57,271.64,866.93,No
pluralsight power bi,30,MEDIUM,41,245.64,586.32,No
google power bi certification,30,MEDIUM,55,146.13,777.28,No
learn power bi online,30,HIGH,86,166.59,555.36,No
power bi course microsoft,30,MEDIUM,48,323.64,756.66,Yes
power bi business central,30,MEDIUM,42,572.37,5197.08,No
best free power bi courses,30,HIGH,75,133.58,436.60,No
office power bi,30,LOW,19,248.33,917.13,No
data analyst microsoft certification,30,HIGH,68,245.64,838.24,No
power bi cloud service,30,LOW,29,382.81,1715.92,No
excel power bi course,30,HIGH,74,181.10,812.24,Yes
power bi basic training,30,MEDIUM,65,181.42,631.14,Yes
power bi dashboard training,30,HIGH,78,222.02,597.97,No
azure cost management power bi,30,MEDIUM,41,488.60,2923.53,No
bi developer certification,30,MEDIUM,65,239.37,806.52,No
microsoft business intelligence course,30,HIGH,73,349.64,909.06,Yes
best online power bi course,30,LOW,5,212.00,971.86,No
power bi introduction course,30,HIGH,74,179.44,631.14,Yes
udemy power bi certification,30,MEDIUM,56,70.82,461.70,No
excel power bi training,30,HIGH,74,181.10,812.24,No
introducing microsoft power bi,30,LOW,28,142.55,457.22,No
power bi statistical analysis,30,MEDIUM,46,283.30,988.85,No
bi certification courses,30,HIGH,90,558.53,1291.87,No
power bi devops,30,LOW,14,,,No
microsoft bi classes,30,HIGH,73,349.64,909.06,No
microsoft power bi training and certification,30,HIGH,76,260.89,862.45,Yes
bi expert,30,LOW,12,680.45,2056.60,No
appsource power bi,30,LOW,23,534.32,8785.82,No
power bi data analyst associate pl 300,30,MEDIUM,63,169.85,593.49,No
microsoft data analyst associate,30,MEDIUM,53,339.78,880.38,No
bi classes,30,LOW,30,272.03,1044.44,No
avi singh power bi,30,LOW,16,,,No
power bi analysis,30,LOW,33,263.57,1117.95,Yes
simplilearn power bi course,30,LOW,1,,,No
free microsoft power bi training,30,MEDIUM,49,90.74,494.87,No
measureup pl 300,30,MEDIUM,61,198.96,732.11,No
sentiment analysis power bi,30,LOW,17,212.47,675.07,No
power bi big data,30,LOW,9,,,No
pl300 training,30,HIGH,77,294.06,597.90,No
microsoft power bi certification online,30,LOW,0,,,Yes
power bi 300 certification,30,MEDIUM,51,152.78,646.39,No
microsoft power bi pl 300 certification,30,MEDIUM,58,312.86,596.55,No
coursera microsoft power bi,30,MEDIUM,39,205.29,1019.41,No
youtube power bi training,30,MEDIUM,36,155.10,571.97,No
power bi apple,30,LOW,4,,,No
power bi pl 300 exam,30,MEDIUM,52,186.96,516.39,No
pl300 exam preparation,30,HIGH,69,99.16,576.21,No
sales dashboard in power bi,30,MEDIUM,51,,,No
ms learn power bi,30,LOW,29,224.13,627.56,No
power bi 32 bits,30,LOW,0,,,No
sharepoint to power bi,30,LOW,4,,,No
workout wednesday power bi,30,LOW,0,,,No
datacamp power bi course,30,LOW,33,184.68,548.05,No
power bi data analyst course,20,MEDIUM,48,227.95,817.62,No
power bi instructor led training,20,MEDIUM,64,335.30,1126.02,No
power bi udemy course,20,MEDIUM,34,32.53,289.57,No
power bi training certification,20,HIGH,68,259.99,608.73,Yes
power bi free certification course,20,MEDIUM,52,66.66,431.22,No
learn power bi microsoft,20,MEDIUM,61,274.33,559.42,No
best power bi course on udemy,20,LOW,27,59.43,493.98,No
ms power bi training,20,HIGH,81,187.37,641.01,No
power bi certification udemy,20,MEDIUM,52,20.12,297.29,No
learn power bi from scratch,20,LOW,26,,,No
excel and power bi course,20,HIGH,86,320.95,1056.99,No
bi power training,20,HIGH,80,286.39,785.34,No
best course for power bi,20,HIGH,83,195.69,950.30,No
power bi trainer,20,MEDIUM,43,,,No
power bi and tableau certification,20,HIGH,87,316.47,1076.71,No
best place to learn power bi,20,MEDIUM,64,153.05,800.23,No
power bi i,20,LOW,21,202.61,549.56,No
tableau and power bi certification,20,HIGH,93,295.85,743.21,No
power bi dax course,20,LOW,31,98.62,502.05,No
certificate in power bi,20,HIGH,87,365.78,790.72,No
mongodb power bi,20,LOW,23,,,No
data analyst power bi certification,20,MEDIUM,49,149.72,633.37,No
power bi certification coursera,20,MEDIUM,43,225.02,663.27,No
power bi learning course,20,HIGH,80,219.77,739.62,Yes
excel power query course,20,MEDIUM,47,170.34,325.43,No
learn to use power bi,20,MEDIUM,63,234.89,688.52,No
online power bi certification,20,HIGH,86,,,No
power query excel training,20,HIGH,71,124.56,446.66,No
msbi certification,20,LOW,27,93.31,868.72,No
power bi azure cost management,20,HIGH,67,580.13,2835.67,No
power bi online training course,20,HIGH,80,247.63,2071.84,Yes
power bi microsoft course,20,MEDIUM,47,195.09,617.70,No
microsoft certification for power bi,20,MEDIUM,54,305.71,1017.54,No
microsoft powerbi certificate,20,MEDIUM,45,263.57,605.78,No
excel power query training,20,MEDIUM,63,167.84,398.95,No
power query training course,20,HIGH,72,113.65,421.58,No
data analysis power bi,20,MEDIUM,64,154.20,675.07,No
power bi advanced analytics,20,MEDIUM,36,131.79,493.98,No
power bi report builder training,20,HIGH,79,162.13,581.84,No
microsoft da 100,20,LOW,21,,,No
best course to learn power bi,20,HIGH,83,217.85,816.72,No
powerbionline,20,LOW,25,,,No
power bi certification training course,20,LOW,32,306.61,777.28,Yes
leila gharani power bi,20,MEDIUM,39,197.37,482.11,No
microsoft power bi data analyst training,20,LOW,31,632.94,1724.89,Yes
power bi desktop certification,20,MEDIUM,61,245.64,622.18,No
power bi data science,20,LOW,18,,,No
free online power bi training,20,HIGH,71,103.12,406.12,No
zebra power bi,20,MEDIUM,46,62.01,657.95,No
power bi pl 300 course,20,HIGH,68,222.34,768.38,No
bi developer training,20,MEDIUM,37,,,No
power bi fundamentals certification,20,HIGH,70,207.99,785.34,No
power bi beginner training,20,HIGH,75,210.68,631.14,Yes
microsoft power bi data analyst certification guide,20,HIGH,71,,,No
data analysis in power bi,20,MEDIUM,64,129.10,840.69,No
mastering microsoft power bi,20,HIGH,100,213.90,679.56,No
microsoft power query training,20,MEDIUM,45,139.86,574.21,No
udemy power query,20,LOW,30,47.70,552.25,No
microsoft power bi coursera,20,MEDIUM,42,213.93,701.97,No
advanced dax,20,MEDIUM,36,104.03,827.48,No
power bi sap hana,20,LOW,23,,,No
microsoft power certification,20,MEDIUM,42,185.58,519.98,No
microsoft power bi free course,20,LOW,29,,,No
learning power bi for beginners,20,HIGH,74,167.81,537.01,No
free power bi courses online,20,MEDIUM,48,,,No
power bi training course free,20,HIGH,71,84.33,434.81,No
beginner power bi training,20,HIGH,82,184.67,652.96,No
ssas power bi,20,LOW,3,,,No
power bi 300,20,MEDIUM,60,152.41,702.87,No
microsoft certification pl 300,20,MEDIUM,47,213.37,493.08,No
pl 300 microsoft power bi data analyst exam,20,MEDIUM,64,,,No
power bi admin certification,20,MEDIUM,63,203.51,561.22,Yes
power bi learning microsoft,20,LOW,29,258.20,500.25,No
power bi is,20,LOW,17,151.51,495.85,No
odata feed power bi,20,LOW,5,,,No
dax bootcamp,20,HIGH,79,,,No
power bi administration certification,20,MEDIUM,63,203.51,561.22,Yes
microsoft power bi data analyst exam,20,LOW,23,,,No
adventure works power bi,20,LOW,25,,,No
pl 300 microsoft power bi data analyst certification,20,HIGH,73,270.35,796.10,No
microsoft exam pl 300,20,MEDIUM,54,244.75,687.63,No
bi certification free,20,HIGH,92,210.68,629.35,No
planner power bi,20,LOW,0,,,No
power pivot power bi,20,LOW,0,,,No
power bi 101 training,20,MEDIUM,64,104.89,354.12,No
pl 300 udemy,20,LOW,9,,,No
pl 300 microsoft certification,20,MEDIUM,44,179.30,686.59,No
web bi,20,LOW,0,,,No
best power bi course reddit,20,LOW,20,253.91,729.43,No
power bi certificate microsoft,20,MEDIUM,48,249.77,777.28,No
microsoft power bi associate,20,MEDIUM,36,,,No
power bi with sql,20,LOW,30,73.74,407.91,No
power bi outlook,20,LOW,3,,,No
power bi get data from sharepoint,20,LOW,3,,,No
power bi design course,10,HIGH,93,,,No
kursus power bi,10,LOW,0,,,No
edureka power bi,10,HIGH,93,176.49,400.74,No
sql and power bi courses,10,HIGH,82,327.50,1133.19,No
power bi training and placement,10,HIGH,87,484.12,1396.29,No
udacity power bi,10,MEDIUM,60,247.44,1752.10,No
power bi free course with certificate,10,HIGH,74,84.27,370.37,No
tableau and power bi courses,10,HIGH,96,311.77,703.76,No
power bi and sql course,10,HIGH,74,294.05,775.48,No
instructor led power bi training,10,HIGH,67,432.12,1472.97,No
nexacu power bi,10,UNSPECIFIED,0,,,No
power bi simplilearn,10,MEDIUM,64,348.74,781.76,No
power bi classroom training near me,10,HIGH,100,288.68,1047.13,No
power bi complete course,10,HIGH,67,,,No
power bi best courses,10,LOW,29,,,No
intellipaat power bi,10,HIGH,71,,,No
power bi course with placement,10,UNSPECIFIED,0,,,No
power bi corporate training,10,HIGH,90,220.54,1772.05,Yes
power bi training udemy,10,MEDIUM,48,66.34,453.64,No
power bi classroom training,10,MEDIUM,50,,,Yes
power bi coaching near me,10,UNSPECIFIED,0,,,No
power bi short course,10,HIGH,95,,,No
power bi certification from microsoft,10,MEDIUM,43,,,Yes
power bi course details,10,LOW,0,,,No
sql power bi course,10,HIGH,95,245.64,970.03,No
power bi tableau course,10,MEDIUM,65,177.23,589.01,No
power bi data analytics course,10,HIGH,89,205.11,535.22,Yes
power bi course content,10,LOW,14,,,No
udemy courses power bi,10,MEDIUM,43,55.58,254.61,No
bi qlik,10,LOW,11,,,No
power bi online certification course,10,HIGH,93,,,Yes
best power bi online course,10,MEDIUM,63,222.34,689.51,No
power bi coaching,10,HIGH,81,435.96,1253.49,No
udemy power bi pl 300,10,UNSPECIFIED,0,,,No
online power bi course with certificate,10,HIGH,86,,,No
data analytics power bi course,10,UNSPECIFIED,0,,,No
bi power course,10,HIGH,86,,,No
advanced excel and power bi course,10,MEDIUM,57,263.57,869.62,No
edureka power bi course,10,MEDIUM,50,,,No
power bi udacity,10,MEDIUM,60,247.44,1752.10,No
power b1 course,10,HIGH,86,259.66,965.30,No
lokesh lalwani power bi,10,UNSPECIFIED,0,,,No
power bi certified course,10,MEDIUM,38,,,Yes
power bi professional certification,10,HIGH,74,277.92,1061.47,No
power query excel course,10,HIGH,68,95.03,553.15,No
power bi expert training,10,LOW,0,,,No
power bi training online classes,10,HIGH,86,,,No
jatan shah power bi course,10,UNSPECIFIED,0,,,No
great learning power bi,10,HIGH,77,227.47,481.43,No
power bi and tableau training,10,HIGH,86,,,No
dax course power bi,10,LOW,0,,,No
data science power bi,10,LOW,10,,,No
power bi live training,10,HIGH,97,385.50,942.23,Yes
power bi analytics course,10,HIGH,86,,,No
ms power bi course,10,MEDIUM,50,207.40,916.24,No
power bi certification course free,10,HIGH,96,147.03,485.91,No
dax training power bi,10,HIGH,86,,,No
data analytics with power bi course,10,LOW,0,,,No
nexacu power bi training,10,UNSPECIFIED,0,,,No
da 100 power bi,10,HIGH,86,,,No
certification data analyst microsoft,10,UNSPECIFIED,0,,,No
complete power bi course,10,MEDIUM,56,211.58,678.78,No
microsoft power bi training for beginners,10,MEDIUM,48,218.75,462.40,Yes
power bi cpe,10,MEDIUM,48,310.19,778.71,No
power bi sql course,10,HIGH,76,,,No
skillnation power bi,10,UNSPECIFIED,0,,,No
codebasics power bi,10,LOW,31,,,No
power bi trainer near me,10,UNSPECIFIED,0,,,No
classes for power bi,10,HIGH,94,171.73,875.00,No
tableau power bi course,10,HIGH,70,164.96,683.14,No
power bi google certification,10,MEDIUM,54,140.75,456.32,No
get certified in power bi,10,HIGH,98,267.79,1023.82,No
power bi beginners course,10,HIGH,86,119.24,960.16,No
data analytics using power bi course,10,UNSPECIFIED,0,,,No
udemy bi courses,10,MEDIUM,36,,,No
power bi curriculum,10,HIGH,100,,,No
certification pl 300 power bi,10,UNSPECIFIED,0,,,No
power bi intellipaat,10,LOW,6,,,No
e learning power bi,10,UNSPECIFIED,0,,,No
power bi analyst course,10,HIGH,100,,,No
certificate power bi,10,HIGH,68,116.55,821.46,No
power bi full course free,10,MEDIUM,43,,,No
power bi bootcamp training,10,LOW,0,,,No
power bi and python course,10,UNSPECIFIED,0,,,No
power bi course in udemy,10,UNSPECIFIED,0,,,No
power bi dashboard course,10,HIGH,93,,,No
certified power bi course,10,UNSPECIFIED,0,,,No
top power bi courses,10,HIGH,89,307.50,623.08,No
full power bi course,10,UNSPECIFIED,0,,,No
power bi developer course free,10,MEDIUM,43,,,No
pl 300 certification microsoft power bi data analyst da 100,10,UNSPECIFIED,0,,,No
power bi free online course with certificate,10,UNSPECIFIED,0,,,No
power bi sql python course,10,HIGH,76,,,No
data analyst course power bi,10,UNSPECIFIED,0,,,No
power bi course certification free,10,UNSPECIFIED,0,,,No
power bi and excel course,10,HIGH,95,199.92,635.63,No
learn power bi in a day,10,MEDIUM,66,231.08,641.90,No
sql and power bi training,10,HIGH,100,241.15,1236.29,No
power bi edx,10,MEDIUM,66,104.89,386.40,No
best online course for power bi,10,HIGH,90,340.92,712.73,No
best certification courses for power bi,10,UNSPECIFIED,0,,,No
power bi beginner to advanced,10,HIGH,95,159.58,603.35,No
power bi course cost,10,HIGH,86,73.51,143.44,No
odoo power bi,10,LOW,25,,,No
basic power bi training,10,HIGH,79,200.88,526.25,No
power bi introduction training,10,HIGH,81,156.89,631.14,Yes
power bi course on udemy,10,MEDIUM,36,,,No
power bi live classes,10,UNSPECIFIED,0,,,No
power bi training with placement,10,UNSPECIFIED,0,,,No
get power bi certified,10,HIGH,91,294.06,918.93,No
power bi basic course,10,LOW,30,158.68,504.29,No
power bi course for data analyst,10,HIGH,95,333.50,531.63,Yes
power bi great learning,10,LOW,14,,,No
best power bi course on linkedin learning,10,MEDIUM,43,,,No
power bi expert certification,10,HIGH,79,208.89,926.10,No
microsoft power bi training classes,10,UNSPECIFIED,0,,,No
microsoft power bi classes near me,10,HIGH,93,,,No
power bi course linkedin,10,MEDIUM,50,187.41,496.67,No
best power bi course for beginners,10,HIGH,77,165.37,771.81,No
advanced dax course,10,LOW,31,,,No
power bi bootcamp online,10,MEDIUM,37,,,No
python and power bi course,10,HIGH,67,,,No
power of bi course,10,HIGH,86,,,No
power bi online learning,10,HIGH,93,,,No
online power bi classes,10,HIGH,86,472.46,792.52,No
data analyst power bi course,10,UNSPECIFIED,0,,,No
learn power bi certification,10,HIGH,90,176.61,444.67,No
pl 300 microsoft power bi data analyst course,10,MEDIUM,62,,,No
power bi for beginners simplilearn,10,MEDIUM,57,,,No
power bi training course near me,10,HIGH,100,,,Yes
power bi e learning,10,LOW,0,,,No
power bi course price,10,UNSPECIFIED,0,,,No
the best power bi course,10,HIGH,86,,,No
power bi course simplilearn,10,HIGH,100,,,No
cbt nuggets power bi,10,LOW,14,,,No
learn microsoft bi,10,MEDIUM,45,208.45,625.77,Yes
power bi course certificate,10,HIGH,100,,,No
power bi skillsfuture,10,UNSPECIFIED,0,,,No
udemy bi,10,MEDIUM,43,,,No
power bi study,10,HIGH,96,115.32,623.08,No
best course on power bi,10,HIGH,100,,,No
online course on power bi,10,HIGH,71,,,No
power bi intermediate course,10,LOW,25,,,No
data analyst associate certification by microsoft,10,HIGH,100,,,No
power bi data science course,10,UNSPECIFIED,0,,,No
power bi with sql course,10,UNSPECIFIED,0,,,No
power bi for finance course,10,MEDIUM,37,,,No
chandoo power bi course,10,LOW,29,,,No
pl 300 microsoft power bi,10,MEDIUM,55,184.25,441.55,No
best platform to learn power bi,10,UNSPECIFIED,0,,,No
power bi courses for free,10,HIGH,100,253.71,684.80,No
bi reporting training,10,MEDIUM,43,,,No
power bi training advanced,10,UNSPECIFIED,0,,,Yes
cost of power bi certification,10,HIGH,68,142.55,379.22,No
tableau and power bi training,10,HIGH,86,,,No
power bi tool course,10,UNSPECIFIED,0,,,No
power bi free training course,10,UNSPECIFIED,0,,,No
power bi for accountants training,10,HIGH,100,,,No
best power bi courses for beginners,10,HIGH,88,154.40,493.08,No
power bi excel course,10,HIGH,100,,,No
course pl 300t00 microsoft power bi data analyst,10,HIGH,86,,,No
sql and power bi courses near me,10,UNSPECIFIED,0,,,No
power bi fundamentals training,10,HIGH,90,235.78,514.45,No
microsoft power bi course near me,10,HIGH,86,,,Yes
google power bi course,10,HIGH,74,175.72,796.10,No
intellipaat power bi course,10,UNSPECIFIED,0,,,No
power bi accreditation,10,UNSPECIFIED,0,,,No
course of power bi,10,HIGH,100,,,No
power query online course,10,HIGH,75,102.20,440.07,No
power bi training curriculum,10,HIGH,100,,,No
microsoft azure power bi certification,10,HIGH,79,,,No
certified power bi data analyst,10,MEDIUM,43,,,No
power bi certification microsoft cost,10,MEDIUM,41,,,No
power bi master class,10,HIGH,100,,,No
power bi course online udemy,10,UNSPECIFIED,0,,,No
best certification for power bi,10,HIGH,71,307.60,648.18,No
msbi training,10,MEDIUM,36,,,No
power bi on coursera,10,HIGH,100,,,No
excel bi course,10,HIGH,89,190.48,778.86,No
microsoft power bi training certification,10,LOW,0,,,Yes
power bi data visualization course,10,HIGH,71,297.86,694.80,No
power bi master course,10,HIGH,89,360.40,1204.91,No
power bi azure certification,10,HIGH,86,,,No
da 100 power bi certification,10,HIGH,86,,,No
best power bi course in udemy,10,MEDIUM,43,,,No
power bi certification near me,10,MEDIUM,61,,,No
learn power bi course,10,UNSPECIFIED,0,,,Yes
microsoft power bi learning course,10,MEDIUM,64,181.99,458.30,No
microsoft power bi online course,10,MEDIUM,46,,,Yes
power bi learn online,10,LOW,29,,,No
power bi pro training,10,MEDIUM,38,,,No
power of bi training,10,HIGH,100,275.23,563.01,No
free microsoft power bi certification,10,HIGH,81,55.86,477.84,No
power bi course beginner,10,HIGH,100,,,No
power bi professional course,10,UNSPECIFIED,0,,,No
power bi da 100 certification,10,HIGH,79,,,No
power bi self paced training,10,HIGH,93,241.16,2511.13,No
microsoft power bi certification training course,10,LOW,10,,,Yes
power bi virtual training,10,HIGH,86,,,No
free course on power bi,10,HIGH,92,107.58,508.32,No
pl 300 mock exam,10,MEDIUM,57,181.10,441.98,No
power bi course microsoft certification,10,MEDIUM,43,,,Yes
power bi certification course microsoft,10,HIGH,71,,,No
data analyst certification by microsoft,10,HIGH,86,251.61,1314.85,No
powerbi tutorialspoint,10,LOW,10,,,No
training power bi online,10,UNSPECIFIED,0,,,No
data visualization with power bi course,10,LOW,0,,,No
free power bi course with certification,10,UNSPECIFIED,0,,,No
power bi advanced course free,10,HIGH,95,136.70,394.47,No
power bi certification for beginners,10,HIGH,79,216.96,647.28,No
dax course online,10,HIGH,86,,,No
dax online course,10,HIGH,86,,,No
power bi online training and certification,10,UNSPECIFIED,0,,,Yes
power bi online certification,10,MEDIUM,57,,,Yes
power bi course offline,10,HIGH,100,,,No
cpe power bi,10,HIGH,86,,,No
power bi best online course,10,HIGH,100,,,No
best course for power bi in udemy,10,UNSPECIFIED,0,,,No
power bi course curriculum,10,HIGH,100,,,No
power bi course edureka,10,LOW,0,,,No
best udemy power bi course,10,LOW,17,,,No
microsoft power bi fundamentals,10,HIGH,67,,,Yes
ms bi certification,10,MEDIUM,36,,,No
power bi paid course,10,UNSPECIFIED,0,,,No
pl 300t00 microsoft power bi data analyst,10,HIGH,77,323.64,859.76,No
power bi microsoft certificate,10,MEDIUM,45,121.93,680.45,No
data analysis power bi course,10,UNSPECIFIED,0,,,No
microsoft certified power bi course,10,HIGH,71,,,No
power bi coaching centres near me,10,UNSPECIFIED,0,,,No
da 100 microsoft,10,LOW,14,,,No
power bi data analysis course,10,LOW,0,,,No
introduction to power bi training,10,HIGH,100,,,Yes
pl 300 certification training,10,HIGH,98,474.26,638.32,No
microsoft certification in power bi,10,MEDIUM,62,,,No
microsoft power bi course fee,10,UNSPECIFIED,0,,,No
pl 300 exam practice questions,10,MEDIUM,57,99.51,284.48,No
full stack power bi course,10,UNSPECIFIED,0,,,No
power bi best training,10,UNSPECIFIED,0,,,No
power bi course by microsoft,10,MEDIUM,43,,,No
power bi online free certification course,10,LOW,0,,,No
power bi data analyst exam,10,HIGH,69,143.44,680.45,No
sql power bi training,10,HIGH,86,,,No
dax classes,10,MEDIUM,43,,,No
excel power query certification,10,HIGH,90,180.20,275.23,No
certification da 100,10,UNSPECIFIED,0,,,No
power bi courses on coursera,10,LOW,6,,,No
power bi beginner certification,10,HIGH,71,174.82,614.41,No
power bi self learning,10,MEDIUM,48,,,No
power bi training coursera,10,LOW,10,,,No
best bi courses,10,UNSPECIFIED,0,,,No
leila gharani power bi course,10,HIGH,100,,,No
azure synapse power bi,10,LOW,0,,,No
power bi beginner to advanced course,10,MEDIUM,36,,,No
power bi user training,10,HIGH,86,328.12,853.48,No
pl 300 data analyst,10,HIGH,70,228.61,764.73,No
microsoft power bi free certification,10,MEDIUM,37,,,No
microsoft power bi free course with certificate,10,HIGH,86,,,No
power bi course for finance,10,UNSPECIFIED,0,,,No
power bi administration course,10,HIGH,71,154.20,682.25,Yes
microsoft certified data analyst associate with power bi,10,LOW,0,,,No
dax power bi course,10,MEDIUM,66,107.58,320.95,No
best udemy courses for power bi,10,LOW,14,,,No
certification of power bi,10,UNSPECIFIED,0,,,No
microsoft data analyst power bi certification,10,LOW,23,145.24,443.77,No
certificate for power bi,10,HIGH,95,92.34,1028.30,No
microsoft courses power bi,10,LOW,29,,,No
power bi dax training course,10,HIGH,100,,,No
power bi certification free course,10,HIGH,86,279.71,729.76,No
learn data analysis and visualization with power bi,10,UNSPECIFIED,0,,,No
microsoft bi certification cost,10,LOW,29,,,No
power bi instructor,10,MEDIUM,55,305.71,1944.32,No
power bi end user training,10,MEDIUM,66,224.13,506.53,No
power bi microsoft certification cost,10,MEDIUM,52,,,No
free power bi certification course,10,HIGH,69,158.82,387.29,No
power bi dashboard design course,10,LOW,0,,,No
power bi dax certification,10,MEDIUM,36,,,No
power bi service training,10,HIGH,75,220.35,1142.44,No
microsoft dax training,10,MEDIUM,57,,,No
power bi 2022,10,UNSPECIFIED,0,,,No
hashtag power bi,10,UNSPECIFIED,0,,,No
power bi training course content,10,HIGH,100,,,No
microsoft course power bi,10,HIGH,71,,,No
docs microsoft com power bi,10,LOW,0,,,No
power bi offline course,10,UNSPECIFIED,0,,,No
power bi certification da 100,10,UNSPECIFIED,0,,,No
power bi visualization training,10,UNSPECIFIED,0,,,No
power bi excel training,10,UNSPECIFIED,0,,,No
power bi pl 300 exam preparation,10,HIGH,86,,,No
power bi certification bootcamp,10,HIGH,71,107.77,1566.51,No
power bi short courses,10,HIGH,95,,,No
pavan lalwani power bi course,10,UNSPECIFIED,0,,,No
learn power bi fast,10,HIGH,89,285.09,648.18,No
power bi certification with placement,10,UNSPECIFIED,0,,,No
udemy microsoft power bi,10,LOW,10,,,No
web scraping power bi,10,UNSPECIFIED,0,,,No
power bi course training,10,HIGH,100,,,Yes
power bi official certification,10,HIGH,82,182.80,666.11,No
power query course online,10,HIGH,86,,,No
power bi certification by microsoft,10,MEDIUM,64,,,No
azure data analyst associate,10,LOW,19,,,No
power bi basic to advanced,10,MEDIUM,57,180.20,506.53,No
best power bi udemy course,10,LOW,11,,,No
power bi certification price,10,MEDIUM,43,,,No
bi course online free,10,UNSPECIFIED,0,,,No
power bi course with certificate free,10,LOW,0,,,No
advanced power bi skills,10,MEDIUM,46,181.10,472.46,No
data analyst associate microsoft,10,MEDIUM,36,,,No
best courses on power bi,10,UNSPECIFIED,0,,,No
best udemy course for power bi,10,LOW,14,,,No
microsoft power bi developer certification,10,MEDIUM,57,,,No
power bi data analyst certificate,10,LOW,31,330.81,761.14,No
power bi training content,10,HIGH,86,,,No
certified microsoft data analyst,10,HIGH,100,,,No
pavan lalwani power bi,10,LOW,7,,,No
power bi advanced certification,10,HIGH,71,155.10,511.91,No
microsoft business analytics certification,10,MEDIUM,57,,,No
microsoft power training,10,MEDIUM,54,148.82,562.11,No
power bi training classroom,10,UNSPECIFIED,0,,,No
power bi report training,10,HIGH,100,,,No
certified power bi professional,10,HIGH,100,,,No
msbi online training,10,LOW,0,,,No
advanced dax training,10,MEDIUM,36,,,No
power bi exam pl 300,10,UNSPECIFIED,0,,,No
microsoft certificate power bi,10,LOW,24,,,No
free power bi training course,10,HIGH,89,179.49,730.66,No
qa power bi training,10,HIGH,86,,,No
power query online training,10,UNSPECIFIED,0,,,No
power bi data modeling course,10,LOW,0,,,No
corporate power bi training,10,HIGH,95,479.97,1461.32,No
mcsa bi reporting,10,LOW,25,,,No
ms bi course,10,MEDIUM,50,,,No
power bi tool training,10,HIGH,71,,,No
microsoft power bi full course,10,HIGH,93,,,No
microsoft power bi training dashboard in a day,10,HIGH,71,,,No
bi reporting certification,10,MEDIUM,62,,,No
power bi training by microsoft,10,UNSPECIFIED,0,,,Yes
power bi and dax training,10,UNSPECIFIED,0,,,No
skillup power bi,10,UNSPECIFIED,0,,,No
udemy excel power bi,10,UNSPECIFIED,0,,,No
udemy dax,10,LOW,10,,,No
microsoft certified power bi certification,10,MEDIUM,49,,,No
power bi basic certification,10,MEDIUM,36,,,No
best website to learn power bi,10,HIGH,86,,,No
power bi free certification microsoft,10,UNSPECIFIED,0,,,No
microsoft certification on power bi,10,UNSPECIFIED,0,,,No
advanced dax for microsoft power bi desktop,10,UNSPECIFIED,0,,,No
power bi course in hindi,10,UNSPECIFIED,0,,,No
microsoft academy power bi,10,HIGH,86,,,No
free courses power bi,10,HIGH,74,95.03,340.67,No
power bi finance course,10,HIGH,100,,,No
free certification courses for power bi,10,UNSPECIFIED,0,,,No
best online power bi training,10,HIGH,93,,,No
training bi,10,LOW,0,,,No
power bi windows 7,10,UNSPECIFIED,0,,,No
ibm power bi course,10,UNSPECIFIED,0,,,No
power excel course,10,HIGH,71,,,No
azure bi certification,10,UNSPECIFIED,0,,,No
microsoft bi certification training,10,UNSPECIFIED,0,,,No
ms certified data analyst,10,HIGH,100,,,No
best power bi course udemy,10,LOW,18,,,No
microsoft power bi administration training,10,HIGH,79,,,Yes
microsoft power bi udemy,10,MEDIUM,60,54.69,336.19,No
power bi architect certification,10,MEDIUM,57,,,No
exam pl 300 microsoft power bi,10,UNSPECIFIED,0,,,No
pl 300t00,10,LOW,29,,,No
pl 300 exam voucher,10,LOW,14,,,No
power bi certification for free,10,HIGH,86,,,No
power bi intermediate training,10,HIGH,100,,,No
powerbi microsoft training,10,MEDIUM,37,,,No
power bi course youtube,10,MEDIUM,52,211.58,570.18,No
microsoft power bi certification da 100,10,UNSPECIFIED,0,,,No
microsoft certified power bi training,10,UNSPECIFIED,0,,,No
microsoft pl 300 training,10,MEDIUM,63,210.12,509.22,No
pl 300 certification power bi,10,MEDIUM,57,,,No
microsoft certified data analyst associate da 100,10,UNSPECIFIED,0,,,No
power bi full course in telugu,10,UNSPECIFIED,0,,,No
udemy microsoft power bi desktop for business intelligence,10,MEDIUM,37,99.51,332.61,No
learn power bi desktop,10,MEDIUM,64,249.08,450.95,No
best site to learn power bi,10,UNSPECIFIED,0,,,No
power bi full course in hindi,10,UNSPECIFIED,0,,,No
pl 300 microsoft power bi certification,10,HIGH,86,524.00,971.82,No
datacamp com power bi,10,HIGH,86,,,No
azure pl 300,10,MEDIUM,39,230.32,455.43,No
power bi in udemy,10,UNSPECIFIED,0,,,No
microsoft data visualization certification,10,MEDIUM,57,,,No
azure power bi course,10,UNSPECIFIED,0,,,No
azure power bi training,10,LOW,0,,,No
power bi elasticsearch,10,LOW,9,,,No
advanced analytics in power bi,10,UNSPECIFIED,0,,,No
azure bi training,10,HIGH,86,,,No
power query coursera,10,MEDIUM,36,,,No
pl 300 data analyst with power bi exam,10,UNSPECIFIED,0,,,No
power bi best certification,10,HIGH,79,,,No
power query udemy,10,LOW,10,,,No
udemy power bi dax,10,LOW,14,,,No
power bi advanced dashboard,10,LOW,21,,,No
best source to learn power bi,10,HIGH,86,,,No
microsoft pl 300 power bi,10,MEDIUM,60,136.27,527.15,No
power bi data analyst microsoft certification,10,HIGH,86,,,No
prerequisite to learn power bi,10,LOW,14,,,No
da 100 pl 300,10,HIGH,81,,,No
power bi one day training,10,MEDIUM,57,,,No
power bi certification fee,10,LOW,29,,,No
power bi learning for beginners,10,HIGH,84,204.40,631.14,No
advanced power query training,10,LOW,29,,,No
power bi certification microsoft free,10,MEDIUM,49,,,No
microsoft power bi udemy course,10,UNSPECIFIED,0,,,No
microsoft dax certification,10,LOW,0,,,No
microsoft pl 300 exam prep,10,HIGH,100,,,No
power bi linkedin course,10,MEDIUM,57,,,No
power bi portable,10,UNSPECIFIED,0,,,No
best dax course,10,HIGH,86,,,No
power bi training for end users,10,HIGH,93,,,No
pl 300 certification course,10,HIGH,89,114.75,521.77,No
sql bi training,10,MEDIUM,49,384.60,1080.30,Yes
avi singh power bi course,10,UNSPECIFIED,0,,,No
power bi course information,10,UNSPECIFIED,0,,,No
synoptic power bi,10,LOW,20,,,No
microsoft power bi desktop training,10,UNSPECIFIED,0,,,No
power bi placement,10,UNSPECIFIED,0,,,No
synapse power bi,10,LOW,5,,,No
pl 300 power bi data analyst associate,10,HIGH,76,285.99,622.24,No
power bi with python course,10,UNSPECIFIED,0,,,No
power bi training data,10,MEDIUM,50,,,Yes
learn power bi dashboard,10,HIGH,100,,,No
best power bi course on youtube,10,LOW,14,,,No
best power bi online training,10,UNSPECIFIED,0,,,No
discudemy power bi,10,LOW,0,,,No
microsoft power bi free certification course,10,UNSPECIFIED,0,,,No
certified power bi developer,10,MEDIUM,50,,,No
power bi course datacamp,10,HIGH,71,,,No
power bi 300 exam,10,MEDIUM,43,,,No
microsoft power bi desktop for business intelligence udemy,10,LOW,6,,,No
learn power bi coursera,10,HIGH,86,,,No
pl 300 power bi exam,10,MEDIUM,66,151.62,424.05,No
tutorialspoint power bi,10,MEDIUM,43,,,No
best power bi course on coursera,10,MEDIUM,57,,,No
vlr training power bi,10,UNSPECIFIED,0,,,No
learn power bi udemy,10,UNSPECIFIED,0,,,No
power bi advanced dax,10,MEDIUM,43,,,No
microsoft's certified solutions expert in business intelligence,10,UNSPECIFIED,0,,,No
sap power bi certification,10,UNSPECIFIED,0,,,No
microsoft power bi desktop for business intelligence udemy coupon,10,UNSPECIFIED,0,,,No
microsoft power bi associate certification,10,MEDIUM,43,185.58,785.34,No
power bi course full form,10,UNSPECIFIED,0,,,No
microsoft power bi exam pl 300,10,UNSPECIFIED,0,,,No
power bi training microsoft learn,10,MEDIUM,57,,,No
udemy power bi course fee,10,LOW,29,,,No
70 778,10,LOW,0,,,No
70 778 certification,10,LOW,0,,,No
advance excel and power bi,10,UNSPECIFIED,0,,,No
advanced analytics with power bi,10,HIGH,100,,,No